{
    "CHANGZHOU": {
        "cn": "常州",
        "parent": {
            "p": "江苏",
            "c": "常州",
            "a_is_p": false,
            "a_is_c": true
        }
    },
    "HEFEI": {
        "cn": "合肥",
        "parent": {
            "p": "安徽",
            "c": "合肥",
            "a_is_p": false,
            "a_is_c": true
        }
    },
    "Hefei": {
        "cn": "合肥",
        "parent": {
            "p": "安徽",
            "c": "合肥",
            "a_is_p": false,
            "a_is_c": true
        }
    },
    "Jinzhong": {
        "cn": "晋中",
        "parent": {
            "p": "山西",
            "c": "晋中",
            "a_is_p": false,
            "a_is_c": true
        }
    },
    "KUNMING": {
        "cn": "昆明",
        "parent": {
            "p": "云南",
            "c": "昆明",
            "a_is_p": false,
            "a_is_c": true
        }
    },
    "Kunming": {
        "cn": "昆明",
        "parent": {
            "p": "云南",
            "c": "昆明",
            "a_is_p": false,
            "a_is_c": true
        }
    },
    "Lin'an": {
        "cn": "临安",
        "parent": {
            "p": "浙江",
            "c": "杭州",
            "a_is_p": false,
            "a_is_c": false
        }
    },
    "Lu'an": {
        "cn": "六安",
        "parent": {
            "p": "安徽",
            "c": "六安",
            "a_is_p": false,
            "a_is_c": true
        }
    },
    "MingGuang": {
        "cn": "明光",
        "parent": {
            "p": "安徽",
            "c": "滁州",
            "a_is_p": false,
            "a_is_c": false
        }
    },
    "Nantong": {
        "cn": "南通",
        "parent": {
            "p": "江苏",
            "c": "南通",
            "a_is_p": false,
            "a_is_c": true
        }
    },
    "SHANGHAI": {
        "cn": "上海",
        "parent": {
            "p": "上海",
            "c": "上海",
            "a_is_p": false,
            "a_is_c": true
        }
    },
    "Shanghai": {
        "cn": "上海",
        "parent": {
            "p": "上海",
            "c": "上海",
            "a_is_p": false,
            "a_is_c": true
        }
    },
    "Taicang": {
        "cn": "太仓",
        "parent": {
            "p": "江苏",
            "c": "苏州",
            "a_is_p": false,
            "a_is_c": false
        }
    },
    "Taiyuan": {
        "cn": "太原",
        "parent": {
            "p": "山西",
            "c": "太原",
            "a_is_p": false,
            "a_is_c": true
        }
    },
    "Wuhu": {
        "cn": "芜湖",
        "parent": {
            "p": "安徽",
            "c": "芜湖",
            "a_is_p": false,
            "a_is_c": true
        }
    },
    "Xuancheng": {
        "cn": "宣城",
        "parent": {
            "p": "安徽",
            "c": "宣城",
            "a_is_p": false,
            "a_is_c": true
        }
    },
    "suzhou": {
        "cn": "苏州",
        "parent": {
            "p": "江苏",
            "c": "苏州",
            "a_is_p": false,
            "a_is_c": true
        }
    }
}