{
    "tpl": {
        "file": "dim/dim_TPL.xlsx",
        "sheet": "tpl"
    },
    "sps": {
        "file": "dim/dim_SPS_TPP.xlsx",
        "sheet": "sps"
    },
    "pkg": {
        "file": "dim/dim_LSP_Packing.xlsx",
        "sheet": "pkg"
    },
    "tfzone": {
        "file": "dim/dim_TFzone.xlsx",
        "sheet": "tfzone",
        "cols": [
            "TPPt",
            "DescriptionTo",
            "PostalCode (from)",
            "PostalCode (to)",
            "TrfZn"
        ]
    }
}