{
    "ret": {
        "folder": "fact/returns/",
        "cols": [
            "Shipment Number",
            "Description",
            "LSP Net Value",
            "Net value"
        ]
    },
    "zero": {
        "file": "fact/fac_zero.xlsx",
        "sheet": "zero",
        "cols": [
            "Shipment Number"
        ]
    },
    "dlv": {
        "file": "fact/fac_do.xlsx",
        "sheet": "dlv",
        "cols": [
            "Shipment Number",
            "Plant",
            "Storage Location",
            "Route",
            "SH-City",
            "Delivery quantity",
            "Total Weight",
            "Material",
            "Description",
            "SH-Postal Code",
            "Sales Organization",
            "tzone",
            "Means of transport"
        ]
    },
    "shpt": {
        "file": "fact/fac_do.xlsx",
        "sheet": "shpt",
        "cols": [
            "Shipment Number",
            "TransportPlanningPt",
            "Contains DG",
            "Shipment route",
            "Shipment type",
            "Service agent"
        ]
    }
}