{
    "mis_shpt": {
        "file": "output/mis_shpt.txt"
    },
    "rsn": {
        "file": "output/result.xlsx",
        "sheet":"reason"
    },
    "dat": {
        "file": "output/result.xlsx",
        "sheet": "data",
        "cols": [
            "shpt_num",
            "tpp_y",
            "tpp_x",
            "shpt_type_y",
            "shpt_type_x",
            "lsp_y",
            "lsp_x",
            "shpt_rt_y",
            "shpt_rt_x",
            "pkg_y",
            "pkg_x",
            "p",
            "p_from",
            "p_to",
            "tzone_y",
            "tzone_x",
            "shpt_grp",
            "area_cn",
            "dg"
        ]
    }
}